List Date,company_name,issue_size(Cr),QIB_subscription,NII_subscription,RII_subscription,Total_subscription,offer_price(Rs),list_price(Rs),listing_gains(%)
,advance agrolife,192.86,27.31,175.3,23.06,56.85,100,113,13
,om feight,122.31,3.97,7.39,2.75,3.87,135,82.5,-38.89
,fabtech,230.35,2.02,1.97,2.08,2.03,191,191,0
,glottis,307,1.87,2.97,1.42,2.05,129,88,-31.78
,pace,819.35,1.6,2.9,1.03,1.59,219,226.85,3.58
,jinkushal,116.15,35.66,146.39,47.1,65.1,121,125,3.31
,trualt,839.28,159.22,98.56,11,71.92,496,550,10.89
,bmw ventures,231.66,3.09,3.03,0.99,1.5,99,80,-19.19
,jain resource,1250,25.29,5.3,3.62,15.9,232,265.25,14.33
,epack,504,5.1,3.68,1.69,3.07,204,186.1,-8.77
,seshaasai,813.07,189.63,49.89,9.17,68.13,423,436,3.07
,anand rathi,745,43.8,28.6,4.78,20.66,414,432.1,4.37
,solar world,490,70.43,64.73,49.15,65.01,351,389,10.83
,joro institute,450,35.35,35.48,8.71,22.06,890,890,0
,ganesh consumer,408.8,4.18,4.34,1.15,2.67,322,295,-8.39
,atlanta electrical,687.85,194.92,54.2,10.42,70.63,754,858.1,13.81
,g k energy,464.26,186.29,122.73,20.79,89.62,153,165,7.84
,saatvik green,900,10.84,10.04,2.66,6.57,465,460,-1.08
,ivalue,560.29,3.18,1.26,1.28,1.82,299,285,-4.68
,vms,148.5,120.8,277.09,47.88,102.26,99,105,6.06
,euro,451.31,1.05,1.92,1.23,1.34,247,273.45,10.71
,shringar,400.95,101.41,82.58,27.22,60.29,165,187.7,13.76
,urban company,1900,140.2,74.04,39.25,103.63,103,161,56.31
,dev,143.35,20.3,87.97,164.72,63.97,61,61.3,0.49
,amanta,126,35.86,209.42,54.98,82.61,126,134,6.35
,vikram engineering,772,19.45,58.58,10.97,23.59,97,99.7,2.78
,anlon,121.03,1.07,10.61,47.29,7.12,91,91,0
20-Aug-25,Regaal Resources L...,306,190.97,356.73,57.75,159.88,102,141.8,39.02
19-Aug-25,Bluestone Jeweller...,1540.65,4.28,0.55,1.35,2.7,517,508.8,-1.59
14-Aug-25,JSW Cement Ltd,3600,15.8,10.97,1.81,7.77,147,153,4.08
14-Aug-25,All Time Plastics ...,400.6,10.15,13.47,5.14,8.34,275,314.3,14.29
12-Aug-25,Highway Infrastruc...,130,420.57,447.32,155.58,300.61,70,117,67.14
18-Aug-25,Knowledge Realty T...,4800,6.75,15.51,0,10.73,100,104,4
06-Aug-25,M & B Engineering ...,650,36.72,38.24,32.55,36.2,385,386,0.26
06-Aug-25,Sri Lotus Develope...,792,163.9,57.71,20.28,69.14,150,179.1,19.4
06-Aug-25,National Securitie...,4011.6,103.97,34.98,7.73,41.01,800,880,10
05-Aug-25,Aditya Infotech Lt...,1300,133.21,72,50.87,100.69,675,1018,50.81
05-Aug-25,Laxmi India Financ...,254.26,1.3,1.84,2.22,1.87,158,136,-13.92
01-Aug-25,Shanti Gold Intern...,360.11,117.33,151.48,30.37,81.17,199,229.1,15.13
31-Jul-25,Brigade Hotel Vent...,759.6,5.42,1.92,6.4,4.48,90,82,-8.89
30-Jul-25,GNG Electronics Lt...,460.44,266.21,227.67,46.84,147.93,237,350,47.68
30-Jul-25,Indiqube Spaces Lt...,700,14.35,8.27,12.9,12.41,237,218.7,-7.72
21-Jul-25,Anthem Biosciences...,3395,182.65,42.36,5.64,63.86,570,723.1,26.86
17-Jul-25,Smartworks Coworki...,582.56,24.41,22.78,3.53,13.45,407,436.1,7.15
14-Jul-25,Travel Food Servic...,2000,7.7,1.58,0.69,2.88,1100,1126.2,2.38
09-Jul-25,Crizac Ltd,860,134.35,76.15,10.24,59.82,245,280,14.29
03-Jul-25,Indogulf Cropscien...,200,33.26,48.39,14.78,25.98,111,111,0
02-Jul-25,HDB Financial Serv...,12500,55.47,9.99,1.41,16.69,740,835,12.84
02-Jul-25,Sambhv Steel Tubes...,540,62.32,31.82,7.99,28.46,82,110.1,34.27
01-Jul-25,Globe Civil Projec...,119,99.76,143.15,53.72,86.04,71,91.1,28.31
01-Jul-25,Kalpataru Ltd,1590,3.12,1.31,1.29,2.26,414,414.1,0.02
01-Jul-25,Ellenbarrie Indust...,852.53,64.23,15.21,2.14,22.19,400,492,23
25-Jun-25,Arisinfra Solution...,499.6,1.42,3.14,5.59,2.65,222,209.1,-5.81
20-Jun-25,Oswal Pumps Ltd,1387.34,88.08,36.7,3.6,34.42,614,632,2.93
04-Jun-25,Scoda Tubes Ltd,220,69.51,113.03,19.4,53.78,140,140,0
03-Jun-25,Prostarm Info Syst...,168,104.49,222.14,39.49,97.2,105,125,19.05
02-Jun-25,Aegis Vopak Termin...,2800,3.3,0.56,0.77,2.09,235,220,-6.38
02-Jun-25,Schloss Bangalore ...,3500,7.46,1.02,0.83,4.5,435,406.5,-6.55
28-May-25,Belrise Industries...,2150,108.35,38.33,4.27,41.3,90,98.5,9.44
27-May-25,Borana Weaves Ltd,144.89,87.21,237.42,200.53,148.78,216,243,12.5
06-May-25,Ather Energy Ltd,2980.8,1.7,0.66,1.78,1.43,321,326.05,1.57
24-Feb-25,Quality Power Elec...,858.7,1.03,1.45,1.83,1.29,425,432.05,1.66
19-Feb-25,Hexaware Technolog...,8750,9.09,0.2,0.11,2.66,708,731,3.25
17-Feb-25,Ajax Engineering L...,1268.88,14.41,6.46,1.92,6.44,629,593,-5.72
04-Feb-25,Dr Agarwal's Healt...,3027.26,4.64,0.4,0.41,1.55,402,396.9,-1.27
29-Jan-25,Denta Water & Infr...,220.5,236.94,507.27,90.56,221.68,294,330,12.24
23-Jan-25,Stallion India Flu...,199.45,172.93,422.42,96.89,188.37,90,120,33.33
20-Jan-25,Laxmi Dental Ltd,698.06,110.38,147.95,76.24,114.42,428,528,23.36
17-Jan-25,Capital Infra Trus...,1578,0.58,4.24,0,2.23,99,99,0
14-Jan-25,Quadrant Future Te...,290,132.54,254.71,246.94,186.66,290,374,28.97
13-Jan-25,Standard Glass Lin...,410.05,331.6,268.5,64.99,183.18,140,176,25.71
07-Jan-25,Indo Farm Equipmen...,260.15,242.4,503.83,104.92,229.68,215,258.4,20.19
31-Dec-24,Unimech Aerospace ...,500,317.63,263.78,56.74,175.31,785,1491,89.94
30-Dec-24,Ventive Hospitalit...,1600,9.08,13.85,5.87,9.8,643,718.15,11.69
30-Dec-24,Carraro India Ltd,1250,2.21,0.6,0.71,1.12,704,660,-6.25
30-Dec-24,Senores Pharmaceut...,582.11,94.66,96.11,89.23,93.41,391,593.7,51.84
27-Dec-24,Transrail Lighting...,838.91,201.06,76.41,22.07,80.8,432,585.15,35.45
27-Dec-24,Dam Capital Adviso...,840.25,166.33,98.62,27.13,82.08,283,392.9,38.83
27-Dec-24,Mamata Machinery L...,179.35,235.88,274.38,138.08,194.95,243,600,146.91
27-Dec-24,Sanathan Textiles ...,550,75.62,42.21,8.93,35.12,321,419.1,30.56
27-Dec-24,Concord Enviro Sys...,500.33,17.32,14.2,5.56,10.67,701,832,18.69
20-Dec-24,International Gemm...,4225,45.8,24.84,11.21,33.78,417,504.85,21.07
19-Dec-24,Inventurus Knowled...,2497.92,80.64,23.25,14.55,52.68,1329,1856,39.65
18-Dec-24,Sai Life Sciences ...,3042.62,30.93,4.92,1.37,10.26,549,660,20.22
18-Dec-24,Vishal Mega Mart L...,8000,80.75,14.25,2.31,27.28,78,110,41.03
18-Dec-24,One Mobikwik Syste...,572,119.5,108.95,134.67,119.38,279,442.25,58.51
06-Dec-24,Suraksha Diagnosti...,846.25,1.74,1.41,0.95,1.27,441,437,-0.91
29-Nov-24,Enviro Infra Engin...,650.3,157.05,153.8,24.48,89.9,148,218,47.3
27-Nov-24,NTPC Green Energy ...,10000,3.32,0.81,3.44,2.42,108,111.6,3.33
22-Nov-24,Zinka Logistics So...,1114.72,2.76,0.24,1.66,1.86,273,279.05,2.22
14-Nov-24,Niva Bupa Health I...,2200,2.06,0.68,2.73,1.8,74,78.5,6.08
13-Nov-24,Swiggy Ltd,11327.4,6.02,0.41,1.14,3.59,390,412,5.64
13-Nov-24,ACME Solar Holding...,2900,3.54,0.97,3.1,2.75,289,259,-10.38
12-Nov-24,Sagility India Ltd,2106.4,3.52,1.93,4.16,3.2,30,31.06,3.53
04-Nov-24,Afcons Infrastruct...,5430,3.79,5.05,0.94,2.63,463,430.05,-7.12
30-Oct-24,Godavari Biorefine...,554.75,2.76,0.9,1.71,1.83,352,310.55,-11.78
28-Oct-24,Deepak Builders & ...,260.04,13.91,82.47,39.79,41.54,203,198.5,-2.22
28-Oct-24,Waaree Energies Lt...,4321.44,208.63,62.49,10.79,76.34,1503,2550,69.66
22-Oct-24,Hyundai Motor Indi...,27858.8,6.97,0.6,0.5,2.37,1960,1931,-1.48
15-Oct-24,Garuda Constructio...,264.1,1.24,9.03,10.81,7.55,95,103.2,8.63
04-Oct-24,Diffusion Engineer...,157.96,95.74,207.6,85.61,114.49,168,188,11.9
03-Oct-24,KRN Heat Exchanger...,341.95,253.04,431.63,98.29,214.42,220,470,113.64
30-Sep-24,Manba Finance Ltd,150.84,148.55,511.62,143.95,224.05,120,150,25
24-Sep-24,Arkade Developers ...,410,163.16,163.02,51.39,106.83,128,175.9,37.42
24-Sep-24,Northern ARC Capit...,777,240.79,142.41,31.08,110.91,263,351,33.46
24-Sep-24,Western Carriers (...,492.88,27.99,44.71,25.95,30.57,172,170,-1.16
17-Sep-24,P N Gadgil Jewelle...,1100,136.85,56.08,16.58,59.4,480,834,73.75
16-Sep-24,Tolins Tyres Ltd,230,25.42,27.41,21.52,23.89,226,227,0.44
16-Sep-24,Bajaj Housing Fina...,6560,209.36,41.51,7.04,63.61,70,150,114.29
16-Sep-24,Kross Ltd,500,23.32,22.24,10.76,16.81,240,240,0
12-Sep-24,Shree Tirupati Bal...,169.65,150.87,210.12,73.22,124.75,83,92.9,11.93
09-Sep-24,Gala Precision Eng...,167.93,232.54,414.62,91.95,201.41,529,750,41.78
06-Sep-24,Baazar Style Retai...,834.68,81.83,59.43,9.12,40.66,389,389,0
04-Sep-24,Ecos (India) Mobil...,601.2,136.85,71.23,19.79,64.26,334,391.3,17.16
03-Sep-24,Premier Energies L...,2830.4,216.67,50.04,7.69,74.38,450,991,120.22
28-Aug-24,Orient Technologie...,214.76,189.9,300.6,66.87,151.71,206,290,40.78
26-Aug-24,Interarch Building...,600.29,205.41,128.42,19.11,93.53,900,1291.2,43.47
20-Aug-24,Saraswati Saree De...,160.01,64.12,358.65,61.88,107.52,160,200,25
13-Aug-24,Brainbees Solution...,4193.73,19.3,4.68,2.31,12.22,465,625,34.41
13-Aug-24,Unicommerce eSolut...,276.57,138.75,252.48,131.15,168.39,108,230,112.96
09-Aug-24,Ola Electric Mobil...,6145.56,5.31,2.4,3.92,4.27,76,75.99,-0.01
08-Aug-24,Ceigall India Ltd,1252.66,31.5,14.42,3.77,13.78,401,413,2.99
06-Aug-24,Akums Drugs & Phar...,1856.74,90.09,42.21,21.3,63.56,679,725,6.77
26-Jul-24,Sanstar Ltd,510.55,145.68,136.5,24.23,82.99,95,106.4,12
10-Jul-24,Emcure Pharmaceuti...,1952.03,195.83,48.32,7.21,67.87,1008,1325.05,31.45
10-Jul-24,Bansal Wire Indust...,745,146.05,51.46,13.64,59.57,256,352.05,37.52
03-Jul-24,Vraj Iron & Steel ...,171,163.9,208.81,54.93,119.04,207,240,15.94
02-Jul-24,Allied Blenders & ...,1500,50.37,32.4,4.51,23.55,281,318.1,13.2
28-Jun-24,Stanley Lifestyles...,537.02,0.74,8.86,6.11,5.22,369,499,35.23
26-Jun-24,Akme Fintrade (Ind...,132,28.12,130.33,45.78,55.12,120,125.7,4.75
26-Jun-24,DEE Development En...,418.01,201.91,144,23.42,99.56,203,325,60.1
18-Jun-24,Le Travenues Techn...,740.1,106.73,110.53,54.85,98.34,93,135,45.16
10-Jun-24,Kronox Lab Science...,130.15,89.03,302.99,55.72,118.22,136,165,21.32
30-May-24,AWFIS Space Soluti...,598.93,116.95,129.81,54.58,108.56,383,432.25,12.86
23-May-24,Go Digit General I...,2614.65,12.56,7.24,4.27,9.6,272,281.1,3.35
15-May-24,TBO Tek Ltd,1550.81,125.51,50.6,25.74,86.7,920,1380,50
15-May-24,Aadhar Housing Fin...,3000,72.78,16.5,2.46,25.49,315,314.3,-0.22
13-May-24,Indegene Ltd,1841.76,197.55,55.07,7.95,69.91,452,659.7,45.95
30-Apr-24,JNK India Ltd,649.47,75.72,23.26,4.11,28.13,415,620,49.4
25-Apr-24,Vodafone Idea Ltd,18000,17.56,4.13,0.92,6.36,11,12,9.09
12-Apr-24,Bharti Hexacom Ltd,4275,48.57,10.52,2.83,29.88,570,755.2,32.49
03-Apr-24,SRM Contractors Lt...,130.2,59.59,214.94,46.97,86.57,210,225,7.14
21-Mar-24,Krystal Integrated...,300.12,7.33,43.91,3.32,13.21,715,795,11.19
19-Mar-24,Popular Vehicles &...,601.55,1.97,0.66,1.05,1.23,295,292,-1.02
14-Mar-24,Gopal Snacks Ltd,650,17.5,9.5,4.01,9.02,401,350,-12.72
13-Mar-24,J.G.Chemicals Ltd,251.19,32.09,46.33,17.44,27.78,221,211,-4.52
12-Mar-24,R K Swamy Ltd,423.56,20.58,34.36,34.03,25.94,288,252,-12.5
07-Mar-24,Mukka Proteins Ltd,224,189.28,250.38,58.52,136.99,28,44,57.14
12-Mar-24,Indus Infra Trust,2499.99,8.92,6.93,0,8.01,100,101,1
05-Mar-24,Exicom Tele-System...,429,121.8,153.22,119.59,129.54,142,264,85.92
05-Mar-24,Platinum Industrie...,235.32,151,141.83,50.99,99.03,171,228,33.33
29-Feb-24,GPT Healthcare Ltd,525.14,17.3,11.02,2.44,8.52,186,216.15,16.21
28-Feb-24,Juniper Hotels Ltd,1800,0,0.06,0.52,0.11,360,361.2,0.33
20-Feb-24,Vibhor Steel Tubes...,72.17,178.73,721.34,188.17,298.86,151,421,178.81
16-Feb-24,Entero Healthcare ...,1600,2.28,0.22,1.33,1.53,1258,1245,-1.03
14-Feb-24,Jana Small Finance...,570,38.75,25.05,5.46,18.5,414,396,-4.35
14-Feb-24,Capital Small Fina...,523.07,6.64,4.05,2.49,4,468,435,-7.05
14-Feb-24,Rashi Peripherals ...,600,143.66,62.75,10.44,59.71,311,335,7.72
12-Feb-24,Apeejay Surrendra ...,920,75.14,52.41,30.35,59.66,155,187,20.65
06-Feb-24,BLS E-Services Ltd,309.29,123.3,300.14,237,162.47,135,309,128.89
31-Jan-24,Nova Agritech Ltd,143.81,79.31,224.08,77.12,109.37,41,56,36.59
30-Jan-24,Epack Durable Ltd,640.05,25.5,28.1,6.29,16.37,230,225,-2.17
23-Jan-24,Medi Assist Health...,1171.58,40.14,14.85,3.19,16.25,418,465,11.24
16-Jan-24,Jyoti CNC Automati...,1000,44.13,36.48,26.17,38.53,331,372,12.39
29-Dec-23,Innova Captab Ltd,570,116.73,64.95,17.15,55.26,448,456.1,1.81
28-Dec-23,Azad Engineering L...,740,179.66,87.61,23.79,80.65,524,710,35.5
27-Dec-23,Happy Forgings Ltd,1008.59,220.48,62.17,15.09,82.04,850,1001.25,17.79
27-Dec-23,Credo Brands Marke...,549.78,104.95,55.52,19.94,51.85,280,282,0.71
27-Dec-23,RBZ Jewellers Ltd,100,13.43,9.27,24.74,16.86,100,100,0
26-Dec-23,Muthoot Microfin L...,960,17.47,13.2,7.61,11.52,291,278,-4.47
26-Dec-23,Motisons Jewellers...,151.09,157.4,233.91,122.28,159.61,55,103.9,88.91
26-Dec-23,Suraj Estate Devel...,400,24.31,18.9,9.3,15.65,360,343.8,-4.5
21-Dec-23,Inox India Ltd,1459.32,147.8,53.2,15.3,61.28,660,933.15,41.39
20-Dec-23,Doms Industries Lt...,1200,115.97,66.51,69.67,93.52,790,1400,77.22
20-Dec-23,India Shelter Fina...,1200,89.7,28.51,9.95,36.71,493,612.7,24.28
01-Dec-23,Flair Writing Indu...,593,115.6,33.37,13.01,46.68,304,503,65.46
30-Nov-23,Tata Technologies ...,3042.51,203.41,62.11,16.5,69.43,500,1199.95,139.99
30-Nov-23,Gandhar Oil Refine...,500.69,129,62.23,28.95,64.07,169,295.4,74.79
30-Nov-23,Fedbank Financial ...,1092.26,3.51,1.45,1.82,2.2,140,137.75,-1.61
29-Nov-23,Indian Renewable E...,2150.21,104.57,24.16,7.73,38.8,32,50,56.25
15-Nov-23,ASK Automotive Ltd,833.91,142.41,35.47,5.7,51.14,282,304.9,8.12
13-Nov-23,Protean eGov Techn...,489.95,46.94,31.62,8.93,23.86,792,792,0
10-Nov-23,ESAF Small Finance...,463,173.52,84.37,16.97,73.15,60,71.9,19.83
07-Nov-23,Honasa Consumer Lt...,1701.44,11.5,4.02,1.35,7.61,324,324,0
06-Nov-23,Cello World Ltd,1900,108.57,24.42,3.06,38.9,648,831,28.24
01-Nov-23,Blue Jet Healthcar...,840.27,13.72,13.59,2.24,7.95,346,359.9,4.02
26-Oct-23,IRM Energy Ltd,544.36,44.73,48.34,9.29,27.05,505,479,-5.15
12-Oct-23,Plaza Wires Ltd,71.28,42.84,388.09,374.81,160.97,54,84,55.56
06-Oct-23,Valiant Laboratori...,152.46,20.83,73.64,16.06,29.76,140,161,15
03-Oct-23,JSW Infrastructure...,2800,57.09,15.99,10.32,37.37,119,143,20.17
04-Oct-23,Updater Services L...,640,4.48,0.85,1.39,2.9,300,299.9,-0.03
03-Oct-23,Manoj Vaibhav Gems...,270.2,1.06,5.18,1.66,2.25,215,215,0
27-Sep-23,SignatureGlobal In...,730,12.71,13.54,6.82,11.88,385,445,15.58
27-Sep-23,Sai Silks (Kalaman...,1201,12.35,2.47,0.88,4.4,222,230.1,3.65
27-Sep-23,Sai Silks (Kalaman...,1201,0,0.43,1.31,0.87,222,230.1,3.65
28-Sep-23,Yatra Online Ltd,775,2.05,0.42,2.11,1.61,142,130,-8.45
22-Sep-23,Samhi Hotels Ltd,1370.1,8.82,1.22,1.11,5.33,126,130.55,3.61
22-Sep-23,Zaggle Prepaid Oce...,563.38,16.73,8.85,5.94,12.57,164,162,-1.22
20-Sep-23,R R Kabel Ltd,1964.01,52.26,13.23,2.13,18.69,1035,1179,13.91
21-Sep-23,EMS Ltd,321.25,0.67,29.73,16.62,15.05,211,281.55,33.44
18-Sep-23,Jupiter Life Line ...,869.08,187.32,34.75,7.73,63.72,735,960,30.61
11-Sep-23,Ratnaveer Precisio...,165.03,133.05,135.21,54.01,93.99,98,128,30.61
11-Sep-23,Rishabh Instrument...,490.78,72.54,31.29,8.44,31.65,441,460,4.31
05-Sep-23,Vishnu Prakash R P...,308.61,171.69,111.03,32.02,87.82,99,163.3,64.95
31-Aug-23,Aeroflex Industrie...,351,194.73,126.13,34.41,97.11,108,197.4,82.78
29-Aug-23,Pyramid Technoplas...,153.05,9.94,32.24,14.72,18.29,166,185,11.45
23-Aug-23,TVS Supply Chain S...,880,1.35,2.35,7.61,2.78,197,206.3,4.72
18-Aug-23,Concord Biotech Lt...,1550.52,67.67,16.99,3.78,24.87,741,900.05,21.46
16-Aug-23,SBFC Finance Ltd,1025,192.9,49.09,10.99,70.16,57,81.99,43.84
07-Aug-23,Yatharth Hospital ...,686.55,85.1,37.22,8.34,36.16,300,304,1.33
27-Jul-23,Netweb Technologie...,631,228.91,81.81,19.15,90.36,500,942.5,88.5
21-Jul-23,Utkarsh Small Fina...,500,124.85,81.64,72.11,101.91,25,39.95,59.8
14-Jul-23,Senco Gold Ltd,405,180.94,64.99,15.46,73.35,317,431,35.96
10-Jul-23,Cyient DLM Ltd,592,90.44,45.05,49.22,67.31,265,401,51.32
07-Jul-23,Ideaforge Technolo...,567.25,125.81,80.58,85.2,106.06,672,1305.1,94.21
04-Jul-23,HMA Agro Industrie...,480,1.74,2.97,0.96,1.62,585,615,5.13
16-Jun-23,IKIO Technologies ...,606.5,163.58,63.35,13.86,66.3,285,391,37.19
19-May-23,Nexus Select Trust,3200,0,0,0,3.61,100,102.27,2.27
09-May-23,Mankind Pharma Ltd,4326.36,49.16,3.8,0.92,15.32,1080,1300,20.37
18-Apr-23,Avalon Technologie...,865,3.57,0.41,0.84,2.21,436,431,-1.15
03-Apr-23,Udayshivakumar Inf...,66,40.47,60.42,14.1,30.63,35,35,0
23-Mar-23,Global Surfaces Lt...,154.98,8.95,33.1,5.12,12.21,140,163,16.43
14-Mar-23,Divgi Torqtransfer...,412.12,7.83,1.4,4.31,5.44,590,600,1.69
12-Jan-23,Sah Polymers Ltd,66.3,2.4,32.69,39.78,17.46,65,85,30.77
04-Jan-23,Radiant Cash Manag...,256.64,1.01,0.66,0.21,0.53,94,99.3,5.64
30-Dec-22,Elin Electronics L...,475,4.51,3.29,2.2,3.09,247,243,-1.62
29-Dec-22,KFin Technologies ...,1500,4.17,0.23,1.36,2.59,366,369,0.82
23-Dec-22,Landmark Cars Ltd,552,8.71,1.32,0.59,3.06,506,471.3,-6.86
23-Dec-22,Abans Financial Se...,345.6,4.1,1.48,0.4,1.1,270,270,0
22-Dec-22,Sula Vineyards Ltd,960.35,4.13,1.51,1.65,2.33,357,358,0.28
12-Dec-22,Uniparts India Ltd,835.61,67.14,17.86,4.63,25.32,577,575,-0.35
08-Dec-22,Dharmaj Crop Guard...,251.09,48.21,52.29,21.53,35.49,237,266,12.24
24-Nov-22,Keystone Realtors ...,635,3.84,3.03,0.53,2.01,541,555,2.59
23-Nov-22,Inox Green Energy ...,740,1.05,0.47,4.7,1.55,65,60.5,-6.92
22-Nov-22,Kaynes Technology ...,857.82,98.47,21.21,4.1,34.16,587,775,32.03
21-Nov-22,Archean Chemical I...,1462.31,48.91,14.9,9.96,32.23,407,449,10.32
21-Nov-22,Five-Star Business...,1588.51,1.77,0.61,0.11,0.7,474,449.95,-5.07
16-Nov-22,Bikaji Foods Inter...,880.85,80.63,7.1,4.77,26.67,300,321.15,7.05
16-Nov-22,Global Health Ltd,2205.57,28.64,4.02,0.88,9.58,336,398.15,18.5
15-Nov-22,Fusion Finance Ltd,1103.99,8.59,1.38,0.51,2.95,368,360.5,-2.04
11-Nov-22,DCX Systems Ltd,500,84.32,43.97,61.77,69.79,207,286.25,38.29
20-Oct-22,Tracxn Technologie...,309.38,1.66,0.23,2.39,0.71,80,83,3.75
17-Oct-22,Electronics Mart I...,500,169.54,63.59,19.72,71.93,59,89.4,51.53
26-Sep-22,Harsha Engineers I...,755,178.26,40.36,12.44,47.19,330,444,34.55
15-Sep-22,Tamilnad Mercantil...,807.84,1.62,2.94,6.48,2.86,510,510,0
06-Sep-22,Dreamfolks Service...,562.1,70.53,37.66,43.66,56.68,326,505,54.91
26-Aug-22,Syrma SGS Technolo...,840.13,87.56,7.13,2.84,15.59,220,262,19.09
03-Jun-22,Aether Industries ...,808.04,17.57,1.33,0.59,2.91,642,706.15,9.99
01-Jun-22,eMudhra Ltd,412.79,4.05,1.28,2.61,2.72,256,271,5.86
30-May-22,Ethos Ltd,402.26,1.06,0.76,0.32,0.61,878,830,-5.47
27-May-22,Paradeep Phosphate...,1501.73,3.01,0.32,0.8,0.83,42,43.55,3.69
24-May-22,Venus Pipes & Tube...,165.42,12.02,6.59,11.12,8.69,326,335,2.76
24-May-22,Delhivery Ltd,5235,2.66,0.27,0.31,0.39,487,493,1.23
20-May-22,Prudent Corporate ...,537.94,1.26,0.74,0.61,0.81,630,660,4.76
17-May-22,Life Insurance Cor...,20557.2,2.83,1.39,1.14,1.64,949,867.2,-8.62
10-May-22,Rainbow Children's...,1580.85,38.9,1.37,0.7,5.25,542,506,-6.64
09-May-22,Campus Activewear ...,1399.6,152.04,10.68,4.73,28.55,292,355,21.58
13-Apr-22,Hariom Pipe Indust...,130.05,1.91,2.68,6.92,3.57,153,214,39.87
11-Apr-22,Veranda Learning S...,200,2.02,2.09,5.68,2.24,137,157,14.6
07-Apr-22,Uma Exports Ltd,60,2.81,0.94,6.28,4.64,68,80,17.65
08-Apr-22,Patanjali Foods Lt...,4300,2.2,11.75,0.9,3.6,650,850,30.77
16-Feb-22,Vedant Fashions Lt...,3149.19,7.49,1.07,0.39,2.57,866,936,8.08
08-Feb-22,AWL Agri Business ...,3600,5.73,56.3,3.92,17.37,230,221,-3.91
31-Jan-22,AGS Transact Techn...,680,2.68,25.61,3.08,7.79,175,176,0.57
31-Dec-21,CMS Info Systems L...,1100,1.98,1.45,2.15,1.95,216,218.5,1.16
28-Dec-21,Supriya Lifescienc...,700,31.83,161.22,56.01,71.51,274,425,55.11
27-Dec-21,HP Adhesives Ltd,125.96,1.82,19.04,81.24,20.96,274,319,16.42
24-Dec-21,Data Patterns (Ind...,588.22,190.86,254.22,23.14,119.62,585,864,47.69
23-Dec-21,Medplus Health Ser...,1398.3,111.9,85.33,5.24,52.59,796,1015,27.51
22-Dec-21,Metro Brands Ltd,1367.51,8.49,3.02,1.13,3.64,500,436,-12.8
21-Dec-21,C.E. Info Systems ...,1039.61,196.36,424.69,15.2,154.71,1033,1581,53.05
20-Dec-21,Shriram Properties...,600,1.85,4.82,12.72,4.6,118,94,-20.34
17-Dec-21,Rategain Travel Te...,1335.74,8.42,42.04,8.08,17.41,425,364.8,-14.16
14-Dec-21,Anand Rathi Wealth...,659.38,2.5,25.42,7.76,9.78,550,602.05,9.46
13-Dec-21,Tega Industries Lt...,619.23,215.45,666.19,29.44,219.04,453,753,66.23
10-Dec-21,Star Health & Alli...,6400.44,1.03,0.19,1.1,0.79,900,848.8,-5.69
30-Nov-21,Go Fashion (India)...,1013.61,100.73,262.08,49.7,135.46,690,1316,90.72
26-Nov-21,Tarsons Products L...,1023.47,115.77,184.58,10.56,77.49,662,700,5.74
23-Nov-21,Latent View Analyt...,600,145.48,850.66,119.44,326.49,197,530,169.04
18-Nov-21,Sapphire Foods Ind...,2073.25,7.5,3.46,8.7,6.62,1180,1311,11.1
18-Nov-21,One 97 Communicati...,18300,2.79,0.24,1.66,1.89,2150,1955,-9.07
15-Nov-21,PB Fintech Ltd,5709.72,24.89,7.82,3.31,16.59,980,1150,17.35
15-Nov-21,S J S Enterprises ...,800,1.42,2.32,1.38,1.59,542,540,-0.37
15-Nov-21,Sigachi Industries...,125.43,86.51,172.43,80.49,101.91,163,575,252.76
12-Nov-21,Fino Payments Bank...,1200.29,1.65,0.21,5.92,2.03,577,548,-5.03
10-Nov-21,FSN E-Commerce Ven...,5349.72,91.18,112.02,12.24,81.78,1125,2001,77.87
11-Oct-21,Aditya Birla Sun L...,2768.26,10.36,4.39,3.24,5.24,712,712,0
01-Oct-21,Paras Defence and ...,170.78,169.65,927.7,112.81,304.26,175,475,171.43
24-Sep-21,Sansera Engineerin...,1282.52,0.29,0.07,0.87,0.53,744,811.35,9.05
14-Sep-21,Vijaya Diagnostic ...,1894.26,13.07,1.32,1.09,4.54,531,542.3,2.13
14-Sep-21,Acutaas Chemicals ...,569.64,86.64,154.81,13.36,64.54,610,902,47.87
24-Aug-21,Aptus Value Housin...,2780.05,32.41,33.91,1.35,17.2,353,329.95,-6.53
24-Aug-21,Chemplast Sanmar L...,3850,2.7,1.03,2.29,2.17,541,525,-2.96
23-Aug-21,Nuvoco Vistas Corp...,5000,4.23,0.66,0.73,1.71,570,471,-17.37
20-Aug-21,Cartrade Tech Ltd,2998.51,35.45,41,2.75,20.29,1618,1600,-1.11
16-Aug-21,Devyani Internatio...,1838,95.27,213.06,39.52,116.71,90,141,56.67
16-Aug-21,Windlas Biotech Lt...,401.54,24.4,15.73,24.27,22.47,460,439,-4.57
16-Aug-21,Exxaro Tiles Ltd,160.77,17.67,5.36,40.1,22.68,120,126,5
16-Aug-21,Krsnaa Diagnostics...,1213.34,49.83,116.3,42.04,64.4,954,1025,7.44
09-Aug-21,Rolex Rings Ltd,731.1,143.58,360.11,24.49,130.44,900,1249,38.78
06-Aug-21,Alivus Life Scienc...,1513.6,36.97,122.54,14.63,44.17,720,751.1,4.32
29-Jul-21,Tatva Chintan Phar...,500,185.23,512.22,35.35,180.36,1083,2111.8,95
23-Jul-21,Eternal Ltd,9375,51.79,32.96,7.45,38.25,76,115,51.32
19-Jul-21,G R Infraprojects ...,962.33,75.4,165.03,7.69,59.1,837,1700,103.11
19-Jul-21,Clean Science & Te...,1546.62,70.31,110.28,5.71,46.57,900,1784.4,98.27
05-Jul-21,India Pesticides L...,800,42.95,51.88,11.3,29.04,296,360,21.62
28-Jun-21,Dodla Dairy Ltd,520.18,84.88,73.26,11.33,45.61,428,528,23.36
28-Jun-21,Krishna Institute ...,2143.74,5.26,1.89,2.9,3.86,825,1008.9,22.29
24-Jun-21,Sona BLW Precision...,5550,3.46,0.39,1.57,2.28,291,302.4,3.92
24-Jun-21,Shyam Metalics & E...,908.55,155.71,339.98,11.58,121.4,306,367,19.93
14-May-21,Powergrid Infrastr...,7734.99,4.63,5.07,0,4.83,100,104,4
19-Apr-21,Macrotech Develope...,2500,3.05,1.44,0.4,1.36,486,439,-9.67
07-Apr-21,Barbeque-Nation Ho...,452.87,5.11,3.1,13.13,5.98,500,492,-1.6
30-Mar-21,Nazara Technologie...,582.69,103.77,389.89,75.29,175.46,1101,1971,79.02
26-Mar-21,Suryoday Small Fin...,580.84,2.18,1.31,3.09,2.37,305,293,-3.93
26-Mar-21,Kalyan Jewellers I...,1174.82,2.76,1.91,2.82,2.61,87,73.9,-15.06
25-Mar-21,Craftsman Automati...,823.7,5.21,2.84,3.43,3.81,1490,1350,-9.4
25-Mar-21,Laxmi Organic Indu...,600,175.43,217.62,20.06,106.79,130,156.2,20.15
24-Mar-21,Anupam Rasayan Ind...,760,65.74,97.42,10.77,44.06,555,534.7,-3.66
19-Mar-21,Easy Trip Planners...,510,77.53,382.21,70.4,159.33,187,206,10.16
15-Mar-21,MTAR Technologies ...,596.41,164.99,650.79,28.4,200.79,575,1063.9,85.03
05-Mar-21,Heranba Industries...,625.24,67.45,271.15,11.84,83.29,627,900,43.54
26-Feb-21,Railtel Corporatio...,819.24,65.14,73.25,16.78,42.39,94,104.6,11.28
25-Feb-21,Nureca Ltd,100,3.1,31.59,166.65,39.93,400,634.95,58.74
16-Feb-21,Brookfield India R...,3800,4.78,11.74,0,7.94,275,275.05,0.02
05-Feb-21,Stove Kraft Ltd,412.63,8.02,32.72,26.04,18.03,385,467,21.3
03-Feb-21,Home First Finance...,1153.72,52.53,39,6.59,26.66,518,612.15,18.18
02-Feb-21,Indigo Paints Ltd,1169.12,189.57,263.05,15.93,117.02,1490,2607.5,75
29-Jan-21,Indian Railway Fin...,4633.38,3.78,2.67,3.66,3.49,26,25,-3.85
01-Jan-21,Antony Waste Handl...,299.99,9.67,18.69,16.55,15.04,315,430,36.51
01-Jan-21,Antony Waste Handl...,299.99,0.89,0.26,0.37,0.49,315,430,36.51
24-Dec-20,Mrs Bectors Food S...,540.54,176.85,620.86,29.33,198.02,288,501,73.96
14-Dec-20,Restaurant Brands ...,810,86.64,354.11,68.15,156.65,60,115.35,92.25
20-Nov-20,Gland Pharma Ltd,6479.55,6.4,0.51,0.24,2.06,1500,1701,13.4
02-Nov-20,Equitas Small Fina...,517.6,3.91,0.22,2.08,1.95,33,31,-6.06
12-Oct-20,UTI Asset Manageme...,2159.88,3.34,0.93,2.32,2.31,554,490.25,-11.51
15-Oct-20,Likhitha Infrastru...,61.2,21.99,1.54,23.71,9.51,120,130.1,8.42
12-Oct-20,Mazagon Dock Shipb...,443.69,89.71,678.88,35.63,157.41,145,216.25,49.14
05-Oct-20,Angel One Ltd,600,3.07,0.11,1.83,1.81,306,275,-10.13
01-Oct-20,Computer Age Manag...,2242.11,73.18,111.85,5.55,46.99,1230,1518,23.41
01-Oct-20,Chemcon Speciality...,318,113.54,449.14,41.21,149.33,340,730.95,114.99
21-Sep-20,Route Mobile Ltd,600,89.76,192.81,12.67,73.3,350,708,102.29
14-Dec-20,Restaurant Brands ...,810,86.64,354.11,68.15,156.65,60,115.35,92.25
20-Nov-20,Gland Pharma Ltd,6479.55,6.4,0.51,0.24,2.06,1500,1701,13.4
02-Nov-20,Equitas Small Fina...,517.6,3.91,0.22,2.08,1.95,33,31,-6.06
12-Oct-20,UTI Asset Manageme...,2159.88,3.34,0.93,2.32,2.31,554,490.25,-11.51
15-Oct-20,Likhitha Infrastru...,61.2,21.99,1.54,23.71,9.51,120,130.1,8.42
12-Oct-20,Mazagon Dock Shipb...,443.69,89.71,678.88,35.63,157.41,145,216.25,49.14
05-Oct-20,Angel One Ltd,600,3.07,0.11,1.83,1.81,306,275,-10.13
01-Oct-20,Computer Age Manag...,2242.11,73.18,111.85,5.55,46.99,1230,1518,23.41
01-Oct-20,Chemcon Speciality...,318,113.54,449.14,41.21,149.33,340,730.95,114.99
21-Sep-20,Route Mobile Ltd,600,89.76,192.81,12.67,73.3,350,708,102.29
20-Aug-19,Sterling & Wilson ...,2849.64,1.02,0.89,0.3,0.85,780,700,-10.26
19-Aug-19,Spandana Sphoorty ...,1189.85,3.11,0.55,0.09,1.05,856,824,-3.74
08-Aug-19,Affle 3i Ltd,459,55.31,198.69,10.96,86.49,745,929.9,24.82
04-Jul-19,Indiamart Intermes...,475.59,14.92,15.78,3.03,12.95,973,1180,21.27
08-May-19,Neogen Chemicals L...,132.35,30.49,113.88,16.06,41.18,215,251,16.74
16-Apr-19,Polycab India Ltd,1345.26,92.44,110.42,4.65,51.96,538,633,17.66
15-Apr-19,Metropolis Healthc...,1204.29,8.88,3.03,2.21,5.84,880,960,9.09
11-Apr-19,Rail Vikas Nigam L...,477.11,1.36,0.8,2.93,1.83,19,19,0
01-Apr-19,Embassy Office Par...,4750,2.15,3.09,0,2.57,300,300,0
29-Mar-19,MSTC Ltd,211.04,0.29,1.71,2.18,0.7,120,111,-7.5
07-Feb-19,Chalet Hotels Ltd,1641.18,4.66,1.1,0.03,1.57,280,291,3.93
04-Feb-19,Xelpmoc Design and...,23,1.24,7.69,2.64,3.25,66,56,-15.15
08-Oct-18,AAVAS Financiers L...,1640.32,2.77,0.26,0.25,0.97,821,758,-7.67
10-Oct-18,Garden Reach Shipb...,343.59,1.81,0.31,0.24,1.02,118,104,-11.86
28-Sep-18,Ircon Internationa...,466.94,12.29,4.92,10.07,9.9,475,410.3,-13.62
23-Aug-18,CreditAccess Grame...,1131.19,5.52,0.98,0.88,2.22,422,385,-8.77
06-Aug-18,HDFC Asset Managem...,2800.33,192.26,195.15,6.73,83.06,1100,1739,58.09
30-Jul-18,TCNS Clothing Co. ...,1125.13,13.47,5.08,0.67,5.27,716,715,-0.14
06-Jul-18,Varroc Engineering...,1954.96,9.16,2.45,0.95,3.59,967,1032,6.72
02-Jul-18,Fine Organic Indus...,600.17,12.86,21.01,1.62,8.99,783,815,4.09
